Unnamed: 0,Unnamed: 1,Unnamed: 2,Unnamed: 3,Unnamed: 4,Unnamed: 5,Unnamed: 6,Unnamed: 7,Unnamed: 8,Unnamed: 9,Unnamed: 10,Unnamed: 11,Unnamed: 12,Unnamed: 13,Unnamed: 14,Unnamed: 15,Unnamed: 16
,,,,,,,,,,,,,,,,
,,,,,,,,,,,,,,,,
,,,,,,,,,,,,,,,,
,,,,,,,,,,,,,,,,
1.0,SUON THANA,F,11511.0,75.0,0.17857142857142858,74.0,0.1761904761904762,0.745,73.0,0.1738095238095238,61.0,0.14523809523809525,0.67,0.6738095238095239,P,PASS
2.0,LOUN KHIM,F,10573.0,50.0,0.11904761904761904,63.0,0.15,0.565,70.0,0.16666666666666666,53.0,0.1261904761904762,0.615,0.5619047619047619,P,PASS
